"Name of Covered Entity","State","Covered Entity Type","Individuals Affected","Breach Submission Date","Type of Breach","Location of Breached Information","Business Associate Present","Web Description"
"Bay Bridge Administrators, LLC","TX","Business Associate","187742","12/30/2022","Hacking/IT Incident","Network Server","Yes",""
"Fitzgibbon Hospital","MO","Healthcare Provider","112072","12/30/2022","Unauthorized Access/Disclosure","Network Server","No",""
"NR Florida Associates LLC","FL","Healthcare Provider","6250","12/30/2022","Hacking/IT Incident","Network Server","No",""
"The Kelberman Center ","NY","Healthcare Provider","3501","12/30/2022","Hacking/IT Incident","Email","No",""
"L. Knife & Son, Inc. Employee Benefits Plan","MA","Health Plan","4082","12/30/2022","Hacking/IT Incident","Network Server","No",""
"MJ Care","WI","Business Associate","1832","12/29/2022","Hacking/IT Incident","Email","Yes",""
"Verisma Systems, Inc.","VA","Business Associate","1031","12/29/2022","Unauthorized Access/Disclosure","Network Server","Yes",""
"Verisma Systems, Inc.","VA","Business Associate","1586","12/29/2022","Unauthorized Access/Disclosure","Network Server","Yes",""
"Bosselman Energy, Inc. Employee Health Benefits Plan","NE","Health Plan","735","12/29/2022","Hacking/IT Incident","Network Server","No",""
"CellNetix Pathology & Laboratories","WA","Healthcare Provider","1969","12/28/2022","Hacking/IT Incident","Email","No",""
"Aetna ACE","CT","Health Plan","4222","12/27/2022","Hacking/IT Incident","Email","No",""
"Quality Behavioral Health","WA","Healthcare Provider","3498","12/26/2022","Hacking/IT Incident","Network Server","No",""
"Cedar Cares, Inc. f/k/a Careportal","NY","Business Associate","1205","12/23/2022","Unauthorized Access/Disclosure","Paper/Films","Yes",""
"Midwest Orthopaedic Consultants, S.C.","IL","Healthcare Provider","6818","12/22/2022","Hacking/IT Incident","Network Server","No",""
"Legacy Operating Company d/b/a Legacy Hospice","AL","Healthcare Provider","21202","12/22/2022","Hacking/IT Incident","Email","No",""
"Southwest Louisiana Health Care System, Inc. d/b/a Lake Charles Memorial Health System","LA","Healthcare Provider","269752","12/22/2022","Hacking/IT Incident","Network Server","No",""
"University of Miami ","FL","Healthcare Provider","973","12/22/2022","Unauthorized Access/Disclosure","Email","No",""
"Sequoia Benefits and Insurance Services, LLC, d/b/a Sequoia Consulting Group","CA","Business Associate","4265","12/20/2022","Hacking/IT Incident","Other","Yes",""
"Bay City Health & Rehabilitation Center ","TX","Healthcare Provider","2000","12/20/2022","Hacking/IT Incident","Network Server","No",""
"Louis A. Johnson Veterans' Administration Medical Center","WV","Healthcare Provider","736","12/20/2022","Unauthorized Access/Disclosure","Paper/Films","No",""
"Prairie Lakes Healthcare System","SD","Healthcare Provider","1060","12/20/2022","Hacking/IT Incident","Network Server","Yes",""
"Three Rivers Provider Network","CA","Business Associate","4596","12/19/2022","Unauthorized Access/Disclosure","Email","Yes",""
"MITCON","MI","Business Associate","1131","12/19/2022","Hacking/IT Incident","Network Server","Yes",""
"Metropolitan Area EMS Authority dba MedStar Mobile Healthcare","TX","Healthcare Provider","612000","12/19/2022","Hacking/IT Incident","Network Server","No",""
"Hawaiian Eye Center","HI","Healthcare Provider","14524","12/19/2022","Hacking/IT Incident","Network Server","No",""
"Monarch","NC","Healthcare Provider","56155","12/16/2022","Hacking/IT Incident","Network Server","No",""
"Foundcare, Inc.","FL","Healthcare Provider","14194","12/16/2022","Hacking/IT Incident","Email","No",""
"AAA Collections, Inc.","SD","Business Associate","4635","12/15/2022","Hacking/IT Incident","Network Server","Yes",""
"The Elizabeth Hospice ","CA","Healthcare Provider","35496","12/14/2022","Unauthorized Access/Disclosure","Email","No",""
"Avem Health Partners","OK","Business Associate","271303","12/13/2022","Hacking/IT Incident","Network Server","Yes",""
"Robert S Miller, LICSW, ACSW, PLLC","WA","Healthcare Provider","902","12/13/2022","Hacking/IT Incident","Laptop","No",""
"Sleep Center Hawaii","HI","Healthcare Provider","5396","12/12/2022","Hacking/IT Incident","Email","No",""
"KEMET Electronics Medical/Dental/EAP","FL","Health Plan","2927","12/09/2022","Hacking/IT Incident","Network Server","No",""
"Hanger Prosthetics and Orthotics","TX","Healthcare Provider","1354","12/09/2022","Hacking/IT Incident","Email","No",""
"Pediatrics West, P.C.","MA","Healthcare Provider","1364","12/09/2022","Hacking/IT Incident","Network Server","No",""
"Rhode Island Department of Health","RI","Healthcare Provider","8800","12/07/2022","Unauthorized Access/Disclosure","Email","Yes",""
"Blakehurst","MD","Healthcare Provider","1047","12/06/2022","Hacking/IT Incident","Email","No",""
"Emory Healthcare","GA","Healthcare Provider","1891","12/06/2022","Unauthorized Access/Disclosure","Electronic Medical Record","No",""
"Employee Group Insurance Benefits Plan of Acuity Brands, Inc.","GA","Health Plan","20849","12/06/2022","Hacking/IT Incident","Network Server","No",""
"Polsinelli PC","MO","Business Associate","1220","12/02/2022","Hacking/IT Incident","Network Server","Yes",""
"NYC Health + Hospitals","NY","Healthcare Provider","2174","12/02/2022","Loss","Other Portable Electronic Device","No",""
"CommonSpirit Health","IL","Business Associate","623774","12/01/2022","Hacking/IT Incident","Network Server","Yes",""
"Easton Cardiovascular","PA","Business Associate","883","11/30/2022","Hacking/IT Incident","Network Server","Yes",""
"Peter J. Isaac, D.O.","PA","Business Associate","6390","11/30/2022","Hacking/IT Incident","Network Server","Yes",""
"Dr. Douglas C. Shoenberger,PC","PA","Business Associate","8179","11/30/2022","Hacking/IT Incident","Network Server","Yes",""
"MaryAnne Freeman Brndjar, DO, PC","PA","Business Associate","2491","11/30/2022","Hacking/IT Incident","Network Server","Yes",""
"Dermatology & Skin Cancer Ctr, PC","PA","Business Associate","5423","11/30/2022","Hacking/IT Incident","Network Server","Yes",""
"Ellen M. Field, M.D.","PA","Business Associate","4438","11/30/2022","Hacking/IT Incident","Network Server","Yes",""
"Pendurthi Surgical Associates","PA","Business Associate","7925","11/30/2022","Hacking/IT Incident","Network Server","Yes",""
"NU House Calls, PC","PA","Business Associate","552","11/30/2022","Hacking/IT Incident","Network Server","Yes",""
"Lehigh Valley Women's Specialties","PA","Business Associate","4535","11/30/2022","Hacking/IT Incident","Network Server","Yes",""
"Keck Medicine of USC","CA","Healthcare Provider","2200","11/29/2022","Hacking/IT Incident","Email","No",""
"Legacy Health","OR","Healthcare Provider","8065","11/23/2022","Theft","Other Portable Electronic Device","No",""
"Dallam Hartley Counties Hospital District","TX","Healthcare Provider","69835","11/23/2022","Hacking/IT Incident","Network Server","No",""
"Compton & Broomhead Dental Center","IN","Healthcare Provider","1307","11/23/2022","Hacking/IT Incident","Email","No",""
"Mena Regional Health System","AR","Healthcare Provider","84814","11/22/2022","Hacking/IT Incident","Network Server","No",""
"Hope Health Systems Inc.","MD","Healthcare Provider","9972","11/21/2022","Hacking/IT Incident","Electronic Medical Record","No",""
"Orlando Health","FL","Healthcare Provider","3662","11/18/2022","Hacking/IT Incident","Email","No",""
"Wright & Filippis LLC","MI","Healthcare Provider","877584","11/18/2022","Hacking/IT Incident","Network Server","No",""
"Nuance Communications, Inc.","MA","Business Associate","4830","11/18/2022","Unauthorized Access/Disclosure","Electronic Medical Record","Yes",""
"Community Health Network, Inc. as an Affiliated Covered Entity","IN","Healthcare Provider","1500000","11/18/2022","Unauthorized Access/Disclosure","Network Server","No",""
"CareFirst Administrators","MD","Health Plan","14538","11/18/2022","Hacking/IT Incident","Email","Yes",""
"Gateway Rehabilitation Center","PA","Healthcare Provider","130000","11/18/2022","Hacking/IT Incident","Network Server","No",""
"University Medical Center of Southern Nevada","NV","Healthcare Provider","1861","11/17/2022","Unauthorized Access/Disclosure","Electronic Medical Record","No",""
"CONSUMER DIRECTED SERVICES IN TEXAS, INC.","TX","Healthcare Provider","56728","11/17/2022","Hacking/IT Incident","Network Server","Yes",""
"Kaiser Foundation Health Plan of the Mid-Atlantic States, Inc. ","CA","Health Plan","8556","11/17/2022","Unauthorized Access/Disclosure","Electronic Medical Record","No",""
"Innovative Service Technology Management Services, Inc. ","GA","Health Plan","2654","11/17/2022","Hacking/IT Incident","Network Server","No",""
"Rosenfeld VanWirt, PC","PA","Business Associate","18719","11/16/2022","Hacking/IT Incident","Network Server","Yes",""
"South Walton Fire District","FL","Healthcare Provider","25331","11/15/2022","Hacking/IT Incident","Network Server","No",""
"Arkansas Department of Human Services","AR","Health Plan","925","11/15/2022","Unauthorized Access/Disclosure","Email","No",""
"Docs Medical Inc","CT","Healthcare Provider","3146","11/15/2022","Hacking/IT Incident","Network Server","No",""
"CCA Health Plans of California, Inc d/b/a CCA Health CA","CA","Health Plan","14631","11/15/2022","Hacking/IT Incident","Network Server","No",""
"Epic Management LLC","TN","Healthcare Provider","10862","11/14/2022","Hacking/IT Incident","Email","No",""
"Health Care Management Solutions, LLC","WV","Business Associate","500000","11/14/2022","Hacking/IT Incident","Network Server","Yes",""
"Dialpad, Inc.","CA","Business Associate","1682","11/14/2022","Unauthorized Access/Disclosure","Network Server","Yes",""
"Yale University","CT","Healthcare Provider","9051","11/11/2022","Hacking/IT Incident","Network Server","No",""
"NewYork-Presbyterian Hospital","NY","Healthcare Provider","12000","11/11/2022","Hacking/IT Incident","Laptop","No",""
"Stanley Street Treatment and Resources, Inc. ","MA","Healthcare Provider","45785","11/11/2022","Hacking/IT Incident","Network Server","No",""
"Connexin Software, Inc.","PA","Business Associate","2216365","11/11/2022","Hacking/IT Incident","Network Server","Yes",""
"Manassas Surgery Center Anesthesia Services","NY","Healthcare Provider","726","11/10/2022","Hacking/IT Incident","Network Server","No",""
"Work Health Solutions","CA","Healthcare Provider","13157","11/09/2022","Hacking/IT Incident","Email","No",""
"Doctors' Center Hospital","","Healthcare Provider","1195220","11/09/2022","Hacking/IT Incident","Network Server","No",""
"GATE Petroleum Company Employee Benefits Plan ","FL","Health Plan","4912","11/09/2022","Hacking/IT Incident","Network Server","No",""
"Heartland Alliance ","IL","Business Associate","46694","11/08/2022","Hacking/IT Incident","Network Server","Yes",""
"Eastside Pediatrics, PLLC","NY","Healthcare Provider","1723","11/08/2022","Hacking/IT Incident","Network Server","No",""
"Resource Anesthesiology Associates of CA PC","CA","Healthcare Provider","1308","11/07/2022","Hacking/IT Incident","Network Server","No",""
"The Stern Cardiovascular Foundation, Inc.","TN","Healthcare Provider","501","11/05/2022","Hacking/IT Incident","Network Server","No",""
"Titan Health Partners, LLC d/b/a Astera Cancer Care","NJ","Healthcare Provider","3848","11/04/2022","Hacking/IT Incident","Email","No",""
"OCEANVIEWS OPTICAL INC","FL","Healthcare Provider","2000","11/03/2022","Hacking/IT Incident","Network Server","No",""
"Pinnacle Claims Management, Inc.","CA","Business Associate","2048","11/03/2022","Hacking/IT Incident","Network Server","Yes",""
"TIC International Corporation (“TIC”)","IN","Business Associate","1362","11/01/2022","Hacking/IT Incident","Network Server","Yes",""
"CorrectCare Integrated Health, Inc.","KY","Business Associate","4380","10/31/2022","Unauthorized Access/Disclosure","Network Server","Yes",""
"CorrectCare Integrated Health, Inc.","KY","Business Associate","438713","10/31/2022","Unauthorized Access/Disclosure","Network Server","Yes",""
"Alta Forest Products Health and Welfare Plan","WA","Health Plan","2100","10/31/2022","Hacking/IT Incident","Network Server","No",""
"Heart of Florida Health Center, Inc.","FL","Healthcare Provider","721","10/31/2022","Unauthorized Access/Disclosure","Network Server","Yes",""
"Gateway Ambulatory Surgery Center","NC","Healthcare Provider","18479","10/31/2022","Hacking/IT Incident","Email","No",""
"PrimeCare Medical, Inc. ","PA","Healthcare Provider","22254","10/31/2022","Unauthorized Access/Disclosure","Network Server","Yes",""
"Mediko, Inc.","VA","Healthcare Provider","2809","10/31/2022","Unauthorized Access/Disclosure","Network Server","Yes",""
"The Psychology Center","WI","Healthcare Provider","3614","10/31/2022","Unauthorized Access/Disclosure","Network Server","No",""
"Mohave County Adult Detention Facility","AZ","Healthcare Provider","558","10/31/2022","Unauthorized Access/Disclosure","Network Server","Yes",""
"Navajo County Sheriff's Office","AZ","Healthcare Provider","797","10/31/2022","Unauthorized Access/Disclosure","Network Server","Yes",""
"Louisiana Department of Public Safety and Corrections","LA","Healthcare Provider","85466","10/31/2022","Unauthorized Access/Disclosure","Network Server","Yes",""
"Administrative Fund of the Detectives’ Endowment Association, Inc., Police Department City of New York","NY","Health Plan","21544","10/31/2022","Hacking/IT Incident","Email","No",""
"St Luke's Health - Texas","TX","Healthcare Provider","16906","10/30/2022","Hacking/IT Incident","Email","Yes",""
"Native American Rehabilitation Association of the Northwest, Inc.","OR","Healthcare Provider","2915","10/28/2022","Hacking/IT Incident","Email","No",""
"OakBend Medical Center / OakBend Medical Group","TX","Healthcare Provider","500000","10/28/2022","Hacking/IT Incident","Email","No",""
"Assurance Health System, LLC","IN","Healthcare Provider","3565","10/28/2022","Hacking/IT Incident","Email","No",""
"SightCare, Inc.","AZ","Health Plan","637999","10/28/2022","Hacking/IT Incident","Network Server","Yes",""
"Nationwide Optometry, PC","AZ","Healthcare Provider","73073","10/28/2022","Hacking/IT Incident","Network Server","Yes",""
"Sacramento County Adult Correctional Health","CA","Healthcare Provider","5372","10/27/2022","Unauthorized Access/Disclosure","Network Server","Yes",""
"State of New Jersey Department of Human Services, Division of Medical Assistance and Health Services","NJ","Health Plan","3900","10/27/2022","Unauthorized Access/Disclosure","Email","No",""
"University of Michigan/Michigan Medicine","MI","Healthcare Provider","33857","10/25/2022","Hacking/IT Incident","Email","No",""
"Coastal Horizons Center Inc.","NC","Healthcare Provider","679","10/25/2022","Unauthorized Access/Disclosure","Electronic Medical Record","No",""
"Resource Anesthesiology Associates of NM Inc","NY","Healthcare Provider","7054","10/24/2022","Hacking/IT Incident","Network Server","No",""
"Resource Anesthesiology Associates of CT PC","NY","Healthcare Provider","5240","10/24/2022","Hacking/IT Incident","Network Server","No",""
"Somnia, Inc.","NY","Healthcare Provider","1326","10/24/2022","Hacking/IT Incident","Network Server","No",""
"Somnia Pain Mgt of Kentucky","NY","Healthcare Provider","10848","10/24/2022","Hacking/IT Incident","Network Server","No",""
"Resource Anesthesiology Associates of IN LLC","NY","Healthcare Provider","2136","10/24/2022","Hacking/IT Incident","Network Server","No",""
"Regions Hospital","MN","Healthcare Provider","978","10/24/2022","Hacking/IT Incident","Network Server","No",""
"Illinois Department of Healthcare and Family Services, Illinois Department of Human Services ","IL","Health Plan","480435","10/21/2022","Hacking/IT Incident","Network Server","No",""
"Phoenix Programs of Florida, Inc.","FL","Healthcare Provider","6594","10/21/2022","Hacking/IT Incident","Email","No",""
"Dr. Scott B. Klimaj, DMD","RI","Healthcare Provider","1558","10/21/2022","Hacking/IT Incident","Network Server","No",""
"Wenco Management, LLC Health and Welfare Benefit Plan","OH","Health Plan","20526","10/20/2022","Hacking/IT Incident","Network Server","No",""
"Pynenberg & Scheske DDS,SC ","WI","Healthcare Provider","2612","10/20/2022","Hacking/IT Incident","Network Server","No",""
"Sigmund Software, LLC ","CT","Business Associate","983","10/20/2022","Hacking/IT Incident","Network Server","Yes",""
"Fontainebleau Development Health and Welfare Plan ","FL","Health Plan","1825","10/20/2022","Hacking/IT Incident","Network Server","No",""
"Lifeline Systems Company","MA","Healthcare Provider","500","10/16/2022","Hacking/IT Incident","Network Server","No",""
"Friend Family Health Center, Inc.","IL","Healthcare Provider","1419","10/14/2022","Hacking/IT Incident","Email","No",""
"Tift Regional Health System","GA","Healthcare Provider","500","10/14/2022","Hacking/IT Incident","Network Server","No",""
"Alain A. Montiel, DDS","CA","Healthcare Provider","17157","10/14/2022","Theft","Laptop","No",""
"Blue Cross and Blue Shield of Kansas","KS","Health Plan","1308","10/14/2022","Hacking/IT Incident","Network Server","No",""
"Presbyterian Healthcare Services","NM","Healthcare Provider","44450","10/14/2022","Hacking/IT Incident","Email","No",""
"WakeMed Health and Hospitals","NC","Healthcare Provider","495808","10/14/2022","Unauthorized Access/Disclosure","Network Server","No",""
"Springfield Clinic","IL","Healthcare Provider","802","10/14/2022","Loss","Other Portable Electronic Device","No",""
"HH/Killeen Health System, LLC doing business as Seton Medical Center Harker Heights","TX","Healthcare Provider","15056","10/14/2022","Hacking/IT Incident","Email","Yes",""
"Ascension St. Vincent’s Coastal Cardiology","GA","Healthcare Provider","71227","10/14/2022","Hacking/IT Incident","Network Server","No",""
"The Valley Hospital","NJ","Healthcare Provider","4245","10/14/2022","Improper Disposal","Paper/Films","No",""
"Keystone Health","PA","Healthcare Provider","235237","10/14/2022","Hacking/IT Incident","Network Server","No",""
"Premier Physical Therapy and Sports Performance, Limited Partnership","DE","Healthcare Provider","982","10/12/2022","Hacking/IT Incident","Email","No",""
"Sage Counseling Omaha","NE","Healthcare Provider","1359","10/12/2022","Theft","Electronic Medical Record","No",""
"Defense Health Headquarters","VA","Health Plan","1279","10/12/2022","Hacking/IT Incident","Network Server","No",""
"Choice Health Insurance LLC","SC","Business Associate","32064","10/11/2022","Hacking/IT Incident","Network Server","Yes",""
"Aesthetic Dermatology Associates, PC","PA","Healthcare Provider","33793","10/10/2022","Hacking/IT Incident","Network Server","No",""
"Regional Women’s Health Group, LLC","NJ","Healthcare Provider","804","10/10/2022","Unauthorized Access/Disclosure","Other Portable Electronic Device","No",""
"Seredor Centers, Inc.","FL","Healthcare Provider","2500","10/08/2022","Hacking/IT Incident","Network Server","No",""
"Thomas J. Hubbard, MD, Inc. DBA Hubbard Plastic Surgery & Skin Enhancement Center","VA","Healthcare Provider","914","10/07/2022","Unauthorized Access/Disclosure","Network Server","No",""
"Lifespire Services, Inc.","NY","Healthcare Provider","15375","10/07/2022","Hacking/IT Incident","Network Server","No",""
"Falcon Healthcare, Inc. dba Interim Healthcare of Lubbock Texas","TX","Healthcare Provider","1500","10/07/2022","Hacking/IT Incident","Network Server","No",""
"Urology of Greater Atlanta, LLC","GA","Healthcare Provider","79795","10/07/2022","Hacking/IT Incident","Network Server, Other","No",""
"Wisconsin Department of Health Services","WI","Health Plan","12358","10/07/2022","Unauthorized Access/Disclosure","Email","No",""
"Berkshire Farm Center & Services for Youth","NY","Healthcare Provider","951","10/06/2022","Hacking/IT Incident","Email","No",""
"CareOregon","OR","Health Plan","8022","10/05/2022","Unauthorized Access/Disclosure","Paper/Films","No",""
"Salud Family Health","CO","Healthcare Provider","501","10/05/2022","Hacking/IT Incident","Network Server","No",""
"Valle del Sol, Inc.","AZ","Healthcare Provider","70268","10/05/2022","Hacking/IT Incident","Network Server","No",""
"Family Medicine Shady Grove LLC","MD","Healthcare Provider","6482","10/03/2022","Hacking/IT Incident","Network Server","No",""
"VisionWeb Holdings, LLC","TX","Business Associate","35900","10/03/2022","Hacking/IT Incident","Email","Yes",""
"Monroe Ear Nose and Throat Associates, PC","MI","Healthcare Provider","14500","09/30/2022","Hacking/IT Incident","Electronic Medical Record, Network Server","No",""
"Riverside Medical Group","NJ","Healthcare Provider","12499","09/30/2022","Hacking/IT Incident","Electronic Medical Record, Network Server","No",""
"Anthem ACE","IN","Health Plan","13406","09/30/2022","Unauthorized Access/Disclosure","Network Server","Yes",""
"Zomo Health","TX","Business Associate","1359","09/30/2022","Unauthorized Access/Disclosure","Network Server","Yes",""
"Anthem Health Plans of Kentucky, Incorporated","IN","Business Associate","537","09/29/2022","Theft","Other Portable Electronic Device","Yes",""
"Smith, Gambrell & Russell, LLP","GA","Business Associate","4688","09/28/2022","Hacking/IT Incident","Network Server","Yes",""
"Reid and Riege, P.C.","CT","Business Associate","610","09/28/2022","Hacking/IT Incident","Network Server","Yes",""
"McPherson Hospital, Inc.","KS","Healthcare Provider","19020","09/26/2022","Hacking/IT Incident","Network Server","No",""
"Extended MLTC","NY","Health Plan","5494","09/26/2022","Hacking/IT Incident","Network Server","Yes",""
"Kaye-Smith Enterprises, Inc.","WA","Business Associate","2857","09/26/2022","Hacking/IT Incident","Network Server","Yes",""
"Montefiore Medical Center","NY","Healthcare Provider","1332","09/23/2022","Theft","Other Portable Electronic Device","No",""
"Resource Anesthesiology Associates of MO LLC","MO","Healthcare Provider","11672","09/23/2022","Hacking/IT Incident","Network Server","No",""
"Resource Anesthesiology Associates of MI PC","MI","Healthcare Provider","24845","09/23/2022","Hacking/IT Incident","Network Server","No",""
"Resource Anesthesiology Associates of IL PC","NY","Healthcare Provider","18321","09/23/2022","Hacking/IT Incident","Network Server","No",""
"FMC Services, LLC","TX","Healthcare Provider","233948","09/23/2022","Hacking/IT Incident","Network Server","No",""
"Resource Anesthesiology Associates of CA A Medical Corporation","CA","Healthcare Provider","16815","09/23/2022","Hacking/IT Incident","Network Server","No",""
"Grayling Anesthesia Associates PC","MI","Healthcare Provider","15378","09/23/2022","Hacking/IT Incident","Network Server","No",""
"Fredericksburg Anesthesia Services LLC","NY","Healthcare Provider","7069","09/23/2022","Hacking/IT Incident","Network Server","No",""
"Anesthesia Associates of Maryland LLC","MD","Healthcare Provider","12405","09/23/2022","Hacking/IT Incident","Network Server","No",""
"Anesthesia Associates of El Paso PA","NY","Healthcare Provider","43168","09/23/2022","Hacking/IT Incident","Network Server","No",""
"Cynthia Paul, M.D., LLC d/b/a The Coeur Group","NE","Healthcare Provider","2020","09/23/2022","Hacking/IT Incident","Email","No",""
"WellMed Medical Management","TX","Healthcare Provider","10506","09/23/2022","Unauthorized Access/Disclosure","Electronic Medical Record, Network Server","No",""
"Physician’s Business Office, Inc.","WV","Business Associate","196673","09/23/2022","Hacking/IT Incident","Network Server","Yes",""
"Magellan Rx Management ","MD","Business Associate","13663","09/23/2022","Hacking/IT Incident","Network Server","Yes",""
"Dyersburg Family Walk-In Clinic, LLC (d/b/a Reelfoot Family Walk-In Clinic)","TN","Healthcare Provider","58562","09/23/2022","Hacking/IT Incident","Network Server","No",""
"Bloomington Meadows Hospital","IN","Healthcare Provider","788","09/23/2022","Unauthorized Access/Disclosure","Email","No",""
"Northern California Fertility Medical Center","CA","Healthcare Provider","12145","09/21/2022","Hacking/IT Incident","Network Server","No",""
"Seattle Children's Hospital ","WA","Healthcare Provider","6320","09/21/2022","Hacking/IT Incident","Network Server","Yes",""
"UW Medicine","WA","Healthcare Provider","3804","09/21/2022","Hacking/IT Incident","Network Server","Yes",""
"Bonita Springs Retirement Village, Inc.  ","FL","Healthcare Provider","554","09/19/2022","Hacking/IT Incident","Email","No",""
"Tessie Cleveland Community Services Corp","CA","Healthcare Provider","9747","09/16/2022","Hacking/IT Incident","Network Server","No",""
"Berkshire Farm Center & Services for Youth  ","NY","Healthcare Provider","23058","09/16/2022","Unauthorized Access/Disclosure","Network Server","No",""
"The Cooper Health System","NJ","Healthcare Provider","500","09/16/2022","Hacking/IT Incident","Email","No",""
"Country Doctor Community Clinic","WA","Healthcare Provider","38751","09/16/2022","Hacking/IT Incident","Network Server","No",""
"Landmark Management Services","FL","Healthcare Provider","501","09/15/2022","Hacking/IT Incident","Network Server","No",""
"Neurology Center of Nevada","NV","Healthcare Provider","11700","09/15/2022","Hacking/IT Incident","Electronic Medical Record","No",""
"Centerstone of Tennessee, Inc.","TN","Healthcare Provider","3675","09/12/2022","Hacking/IT Incident","Email","No",""
"Molina Healthcare","CA","Health Plan","8283","09/09/2022","Unauthorized Access/Disclosure","Paper/Films","Yes",""
"SERV Behavioral Health Systems, Inc.","NJ","Healthcare Provider","8110","09/09/2022","Hacking/IT Incident","Network Server","No",""
"FEDERAL EXPRESS CORPORATION GROUP HEALTH PLAN FOR PILOTS","TN","Health Plan","983","09/09/2022","Hacking/IT Incident","Network Server","Yes",""
"The Sargent’s Group","PA","Business Associate","1650","09/09/2022","Hacking/IT Incident","Network Server","Yes",""
"Lubbock Heart & Surgical Hospital","TX","Healthcare Provider","23379","09/09/2022","Hacking/IT Incident","Network Server","No",""
"Medical Associates of the Lehigh Valley","PA","Healthcare Provider","75628","09/09/2022","Hacking/IT Incident","Network Server","No",""
"DaVita Inc.","CO","Healthcare Provider","1092","09/06/2022","Hacking/IT Incident","Laptop","No",""
"Independent Living Systems, LLC","FL","Business Associate","501","09/02/2022","Hacking/IT Incident","Network Server","Yes",""
"Genesis Health Care, Inc.","SC","Healthcare Provider","21226","09/02/2022","Hacking/IT Incident","Network Server","No",""
"Narragansett Bay Commission","RI","Healthcare Provider","2153","09/01/2022","Hacking/IT Incident","Network Server","No",""
"Walgreen Co.","IL","Healthcare Provider","1704","08/31/2022","Theft","Paper/Films","No",""
"Trinity Health ","MI","Business Associate","5738","08/29/2022","Unauthorized Access/Disclosure","Network Server","Yes",""
"The State Psychiatric Hospitals in the New Jersey Department of Health, Division of Behavioral Health Services","NJ","Healthcare Provider","850","08/29/2022","Hacking/IT Incident","Network Server","Yes",""
"NYSARC Columbia County Chapter d/b/a COARC","NY","Healthcare Provider","5701","08/29/2022","Hacking/IT Incident","Network Server","No",""
"Methodist McKinney Hospital","TX","Healthcare Provider","110244","08/26/2022","Hacking/IT Incident","Network Server","No",""
"Methodist Craig Ranch Surgical Center","TX","Healthcare Provider","15157","08/26/2022","Hacking/IT Incident","Network Server","No",""
"NorthStar HealthCare Consulting LLC","GA","Business Associate","18354","08/26/2022","Unauthorized Access/Disclosure","Email","Yes",""
"First Street Family Health","CO","Healthcare Provider","7310","08/26/2022","Hacking/IT Incident","Network Server","No",""
"One Medical, Inc.","TX","Healthcare Provider","1009","08/25/2022","Theft","Paper/Films","No",""
"EmergeOrtho","NC","Healthcare Provider","68661","08/25/2022","Hacking/IT Incident","Network Server","No",""
"General Health System","LA","Healthcare Provider","46149","08/25/2022","Hacking/IT Incident","Network Server","No",""
"Farmville Internal Medicine","NC","Healthcare Provider","3000","08/25/2022","Hacking/IT Incident","Electronic Medical Record, Network Server","Yes",""
"Community Bridges","NH","Healthcare Provider","10461","08/24/2022","Hacking/IT Incident","Network Server","No",""
"Warner Norcross and Judd, LLP","MI","Business Associate","255160","08/24/2022","Hacking/IT Incident","Network Server","Yes",""
"Henderson & Walton Women’s Center, P.C.","AL","Healthcare Provider","34306","08/23/2022","Hacking/IT Incident","Email","No",""
"Prowers County Hospital District","CO","Healthcare Provider","1205","08/22/2022","Hacking/IT Incident","Network Server","Yes",""
"California Department of Corrections and Rehabilitation","CA","Healthcare Provider","236000","08/22/2022","Hacking/IT Incident","Network Server","No",""
"Cerebral Medical Group, P.A.","CA","Healthcare Provider","6110","08/19/2022","Unauthorized Access/Disclosure","Paper/Films","No",""
"Celanese Medical PLan","TX","Health Plan","704","08/19/2022","Unauthorized Access/Disclosure","Email","No",""
"San Diego American Indian Health Center","CA","Healthcare Provider","27367","08/15/2022","Hacking/IT Incident","Network Server","No",""
"Choice Health Insurance, LLC","SC","Business Associate","23082","08/15/2022","Hacking/IT Incident","Network Server","Yes",""
"AdventHealth Medical Group OB GYN at Woodridge","IL","Healthcare Provider","2001","08/15/2022","Loss","Other Portable Electronic Device","No",""
"Priti Patel Physician PC","NY","Healthcare Provider","6877","08/14/2022","Hacking/IT Incident","Network Server","No",""
"Valley Baptist Medical Center – Harlingen","TX","Healthcare Provider","11137","08/12/2022","Hacking/IT Incident","Network Server","No",""
"Valley Baptist Medical Center - Brownsville","TX","Healthcare Provider","7496","08/12/2022","Hacking/IT Incident","Network Server","No",""
"Conifer Revenue Cycle Solutions, LLC","TX","Business Associate","134948","08/12/2022","Hacking/IT Incident","Email","Yes",""
"Specialized Treatment Facility","MS","Healthcare Provider","1059","08/12/2022","Unauthorized Access/Disclosure","Email","No",""
"Rock County Human Services Department","WI","Healthcare Provider","25610","08/12/2022","Hacking/IT Incident","Email","No",""
"Lamoille Health Partners","VT","Healthcare Provider","59381","08/11/2022","Hacking/IT Incident","Network Server","No",""
"DataStat, Inc.","MI","Business Associate","1650","08/08/2022","Unauthorized Access/Disclosure","Paper/Films","Yes",""
"Maternal and Family Health Services","PA","Healthcare Provider","500","08/08/2022","Hacking/IT Incident","Network Server","No",""
"Columbia River Mental Health Services","WA","Healthcare Provider","501","08/08/2022","Hacking/IT Incident","Email","No",""
"Inline Network Integration, LLC","TX","Business Associate","500","08/05/2022","Hacking/IT Incident","Network Server","Yes",""
"Niagara County Department of Mental Health and Substance Abuse ","NY","Healthcare Provider","2160","08/05/2022","Hacking/IT Incident","Email","No",""
"Living Innovations","NH","Healthcare Provider","4000","08/05/2022","Hacking/IT Incident","Email","No",""
"Centerstone of Indiana, Inc.","IN","Healthcare Provider","1700","08/04/2022","Hacking/IT Incident","Email","No",""
"Practice Resources, LLC","NY","Business Associate","942138","08/04/2022","Hacking/IT Incident","Network Server","Yes",""
"Independent Case Management, INC.","AR","Healthcare Provider","3307","08/03/2022","Hacking/IT Incident","Network Server","No",""
"Florida Springs Surgery Center","FL","Healthcare Provider","2203","08/01/2022","Hacking/IT Incident","Email","No",""
"Sentara Williamsburg Regional Medical Center","VA","Healthcare Provider","591","08/01/2022","Loss","Other","No",""
"Eventus WholeHealth PLLC","NC","Healthcare Provider","1707","07/29/2022","Hacking/IT Incident","Email","No",""
"Healthback Holdings, LLC ","OK","Healthcare Provider","21114","07/29/2022","Hacking/IT Incident","Email","No",""
"Minuteman Senior Services","MA","Healthcare Provider","4000","07/29/2022","Hacking/IT Incident","Email","No",""
"OneTouchPoint, Inc.","WI","Business Associate","4112892","07/27/2022","Hacking/IT Incident","Network Server","Yes",""
"BHG Holdings, LLC dba Behavioral Health Group","TX","Healthcare Provider","197507","07/27/2022","Hacking/IT Incident","Network Server","No",""
"Dr. Manaf Ahmad","TX","Healthcare Provider","3717","07/26/2022","Hacking/IT Incident","Email","No",""
"Allegheny Heath Network","PA","Healthcare Provider","8071","07/26/2022","Hacking/IT Incident","Email","No",""
"Lawson Products, Inc.","IL","Health Plan","791","07/26/2022","Hacking/IT Incident","Network Server","No",""
"Santa Rosa County District Schools","FL","Health Plan","9424","07/25/2022","Unauthorized Access/Disclosure","Network Server","No",""
"Scott County, Iowa","IA","Business Associate","1583","07/25/2022","Hacking/IT Incident","Email","Yes",""
"NuLife Med, LLC","NH","Business Associate","3805","07/25/2022","Hacking/IT Incident","Network Server","Yes",""
"dormant see master file 489659_ Benefit Plan Administrators, Inc. ","VA","Business Associate","1457","07/25/2022","Hacking/IT Incident","Network Server","Yes",""
"Center for Primary Care","GA","Healthcare Provider","2400","07/25/2022","Hacking/IT Incident","Email","No",""
"Radiation Oncology Centers of the Carolinas","NC","Healthcare Provider","1116","07/25/2022","Hacking/IT Incident","Email","No",""
"Benefit Plan Administrators, Inc. ","VA","Business Associate","5004","07/22/2022","Hacking/IT Incident","Network Server","Yes",""
"City of Newport, Rhode Island","RI","Health Plan","6109","07/22/2022","Hacking/IT Incident","Network Server","No",""
"Patriot Growth Insurance Services, LLC","PA","Business Associate","4614","07/21/2022","Hacking/IT Incident","Email","Yes",""
"Central Maine Medical Center","ME","Healthcare Provider","11938","07/21/2022","Hacking/IT Incident","Network Server","Yes",""
"Cavender Stores, Ltd Health Plan","TX","Health Plan","4447","07/20/2022","Hacking/IT Incident","Network Server","No",""
"Dow Rummel Village","SD","Healthcare Provider","1079","07/20/2022","Hacking/IT Incident","Email","No",""
"Keswick Multi-Care Center","MD","Healthcare Provider","1508","07/20/2022","Hacking/IT Incident","Email","No",""
"Zenith American Solutions","WA","Business Associate","37146","07/20/2022","Unauthorized Access/Disclosure","Paper/Films","Yes",""
"Goodman Campbell Brain and Spine","IN","Healthcare Provider","362833","07/19/2022","Hacking/IT Incident","Network Server","No",""
"ProMedica","OH","Healthcare Provider","1178","07/19/2022","Unauthorized Access/Disclosure","Email","No",""
"Acts Retirement Services, Inc. and Affiliates","PA","Healthcare Provider","2236","07/15/2022","Hacking/IT Incident","Network Server","No",""
"Mary Hitchcock Memorial Hospital d/b/a Dartmouth-Hitchcock Medical Center ","NH","Healthcare Provider","1201","07/15/2022","Loss","Laptop","No",""
"Benson Health","NC","Healthcare Provider","28913","07/15/2022","Hacking/IT Incident","Network Server","No",""
"Kaiser Foundation Health Plan, Inc., Southern California ","CA","Health Plan","75010","07/15/2022","Theft","Other Portable Electronic Device","No",""
"Washington University School of Medicine","MO","Healthcare Provider","1056","07/14/2022","Hacking/IT Incident","Network Server","No",""
"Premere Infinity Rehab, LLC","OR","Business Associate","183254","07/13/2022","Hacking/IT Incident","Network Server","Yes",""
"Avamere Health Services, LLC","OR","Business Associate","197730","07/13/2022","Hacking/IT Incident","Network Server","Yes",""
"Blue Shield of California ","CA","Health Plan","1506","07/12/2022","Hacking/IT Incident","Network Server","Yes",""
"Family Practice Center PC","PA","Healthcare Provider","83969","07/11/2022","Hacking/IT Incident","Network Server","No",""
"Associated Eye Care","MN","Healthcare Provider","40793","07/08/2022","Hacking/IT Incident","Network Server","Yes",""
"dormant see master file 489659_ Benefit Plan Administrators, Inc. ","VA","Business Associate","878","07/08/2022","Hacking/IT Incident","Network Server","Yes",""
"Cornerstone Services","IL","Healthcare Provider","2513","07/08/2022","Hacking/IT Incident","Network Server","No",""
"Wisconsin Department of Health Services","WI","Health Plan","1698","07/08/2022","Hacking/IT Incident","Network Server","Yes",""
"dormant see master file 489659_ Benefit Plan Administrators, Inc. ","VA","Business Associate","1089","07/08/2022","Hacking/IT Incident","Network Server","Yes",""
"Change Healthcare","GA","Business Associate","1262","07/07/2022","Unauthorized Access/Disclosure","Paper/Films","Yes",""
"Southwest Health Center","WI","Healthcare Provider","46142","07/05/2022","Hacking/IT Incident","Network Server","No",""
"Cheyenne Regional Medical Center ","WY","Healthcare Provider","1652","07/05/2022","Unauthorized Access/Disclosure","Desktop Computer, Electronic Medical Record","No",""
"Carolina Behavioral Health Alliance, LLC","NC","Business Associate","130922","07/01/2022","Hacking/IT Incident","Network Server","Yes",""
"CHRISTUS Spohn Health System Corporation","TX","Healthcare Provider","15062","07/01/2022","Hacking/IT Incident","Network Server","No",""
"Professional Finance Company, Inc.","CO","Business Associate","1918941","07/01/2022","Hacking/IT Incident","Network Server","Yes",""
"Bayhealth Medical Center, Inc.","DE","Healthcare Provider","17481","06/30/2022","Hacking/IT Incident","Network Server","Yes",""
"Michigan Avenue Immediate Care","IL","Healthcare Provider","144104","06/30/2022","Hacking/IT Incident","Network Server","No",""
"OrthoWest, PC","NE","Healthcare Provider","1369","06/30/2022","Hacking/IT Incident","Email","No",""
"dormant see master file 489659_ Benefit Plan Administrators, Inc.","VA","Business Associate","628","06/30/2022","Hacking/IT Incident","Network Server","Yes",""
"dormant see master file 489659_ Benefit Plan Administrators, Inc. ","VA","Business Associate","1145","06/29/2022","Hacking/IT Incident","Network Server","Yes",""
"Kevin Wolf, DPM d/b/a Goldsboro Podiatry","NC","Healthcare Provider","30669","06/28/2022","Hacking/IT Incident","Network Server","Yes",""
"St Joseph Heritage Health","CA","Healthcare Provider","7229","06/28/2022","Hacking/IT Incident","Network Server","Yes",""
"Mattax Neu Prater Eye Center, Inc.","MO","Healthcare Provider","92361","06/28/2022","Hacking/IT Incident","Electronic Medical Record","Yes",""
"dormant see master file 489659_ Benefit Plan Administrators, Inc. ","VA","Business Associate","735","06/27/2022","Hacking/IT Incident","Network Server","Yes",""
"dormant see master file 489659_ Benefit Plan Administrators, Inc. ","VA","Business Associate","1267","06/27/2022","Hacking/IT Incident","Network Server","Yes",""
"Hudson Regional Hospital","NJ","Healthcare Provider","1300","06/22/2022","Hacking/IT Incident","Network Server","Yes",""
"Winslow Memorial Hospital d/b/a Little Colorado Medical Center","AZ","Healthcare Provider","1000","06/21/2022","Hacking/IT Incident","Network Server","No",""
"ARC Industries Inc. of Franklin County","OH","Healthcare Provider","22011","06/17/2022","Hacking/IT Incident","Network Server","No",""
"Help at Home ","IL","Healthcare Provider","800","06/17/2022","Improper Disposal","Paper/Films","No",""
"Tosoh America, Inc.","OH","Health Plan","880","06/17/2022","Hacking/IT Incident","Email","No",""
"City of Cincinnati Health Plan","OH","Health Plan","9769","06/16/2022","Unauthorized Access/Disclosure","Network Server","No",""
"Liberty Healthcare Group ","NC","Healthcare Provider","2191","06/16/2022","Hacking/IT Incident","Email","No",""
"Mason Tenders’ District Council Welfare Fund","NY","Health Plan","13344","06/16/2022","Hacking/IT Incident","Network Server","No",""
"Baptist Medical Center","TX","Healthcare Provider","1608549","06/15/2022","Hacking/IT Incident","Network Server","No",""
"Resolute Health Hospital","TX","Healthcare Provider","54239","06/15/2022","Hacking/IT Incident","Network Server","No",""
"Sight Partners Physicians, P.C.","WA","Healthcare Provider","86101","06/14/2022","Hacking/IT Incident","Electronic Medical Record","Yes",""
"DialAmerica Marketing, Inc.","NJ","Business Associate","19796","06/12/2022","Hacking/IT Incident","Network Server","Yes",""
"MCG Health, LLC","WA","Business Associate","793283","06/10/2022","Hacking/IT Incident","Network Server","Yes",""
"Bayshore Brightwaters Rescue Ambulance, Inc.","NY","Healthcare Provider","500","06/10/2022","Hacking/IT Incident","Email","No",""
"Yuma Regional Medical Center","AZ","Healthcare Provider","783145","06/09/2022","Hacking/IT Incident","Network Server","No",""
"90 Degree Benefits, Inc.","WI","Business Associate","172450","06/09/2022","Hacking/IT Incident","Network Server","Yes",""
"Christiana Spine Center, PA","DE","Healthcare Provider","3500","06/09/2022","Hacking/IT Incident","Network Server","No",""
"Heartland Healthcare Services","OH","Healthcare Provider","2763","06/09/2022","Hacking/IT Incident","Network Server","No",""
"Chesapeake Eye Center PA","MD","Healthcare Provider","32770","06/09/2022","Hacking/IT Incident","Network Server","Yes",""
"Southern Ohio Medical Center","OH","Healthcare Provider","1333","06/08/2022","Hacking/IT Incident","Network Server","Yes",""
"Orangeburg Eye Center ","SC","Healthcare Provider","9000","06/08/2022","Hacking/IT Incident","Network Server","Yes",""
"Bergen's Promise, Inc.","NJ","Business Associate","6948","06/07/2022","Hacking/IT Incident","Email","Yes",""
"Atrium Health at Home","NC","Healthcare Provider","6695","06/07/2022","Hacking/IT Incident","Email","No",""
"Memorial Community Health, Inc.","NE","Healthcare Provider","1658","06/06/2022","Hacking/IT Incident","Network Server","No",""
"Spectrum Eye Physicians","CA","Healthcare Provider","175000","06/06/2022","Hacking/IT Incident","Network Server","Yes",""
"Allied Urological Services, LLC ","NY","Business Associate","6280","05/31/2022","Hacking/IT Incident","Email","Yes",""
"Virginia Mason Medical Center ","WA","Healthcare Provider","1523","05/31/2022","Hacking/IT Incident","Network Server","No",""
"Shields Health Care Group, Inc.","MA","Business Associate","2000000","05/27/2022","Hacking/IT Incident","Network Server","Yes",""
"University of Chicago Medical Center","IL","Healthcare Provider","2568","05/27/2022","Hacking/IT Incident","Email","No",""
"BJC Health System","MO","Business Associate","500","05/27/2022","Hacking/IT Incident","Email","Yes",""
"Stephen Sims, MD, PA dba North Lakes Pain Consultants","TX","Healthcare Provider","8620","05/27/2022","Hacking/IT Incident","Network Server","No",""
"Capsule","NY","Healthcare Provider","27486","05/27/2022","Hacking/IT Incident","Network Server","No",""
"NLB Corporation","MI","Health Plan","1943","05/26/2022","Hacking/IT Incident","Network Server","No",""
"Aon PLC","IL","Business Associate","129682","05/26/2022","Hacking/IT Incident","Network Server","Yes",""
"Comstar, LLC","MA","Business Associate","68957","05/26/2022","Hacking/IT Incident","Network Server","Yes",""
"Fred Hutchinson Cancer Center","WA","Healthcare Provider","500","05/25/2022","Hacking/IT Incident","Email","No",""
"Moyes Eye Center, PC","MO","Healthcare Provider","38000","05/25/2022","Hacking/IT Incident","Electronic Medical Record","Yes",""
"The Multiple Sclerosis Center of Atlanta","GA","Healthcare Provider","2820","05/25/2022","Hacking/IT Incident","Email","No",""
"Family Health Care, Inc","KS","Healthcare Provider","33619","05/24/2022","Hacking/IT Incident","Network Server","No",""
"Val Verde Regional Medical Center (“VVRMC”) ","TX","Healthcare Provider","86562","05/24/2022","Hacking/IT Incident","Network Server","No",""
"Allwell Behavioral Health Services","OH","Healthcare Provider","29972","05/23/2022","Hacking/IT Incident","Network Server","No",""
"Washington University School of Medicine","MO","Health Plan","500","05/23/2022","Hacking/IT Incident","Email","No",""
"Creative Hospice Care, Inc. dba Homestead Hospice & Palliative Care","GA","Healthcare Provider","28332","05/23/2022","Hacking/IT Incident","Email, Laptop","No",""
"Oswego County Opportunities, Inc.","NY","Healthcare Provider","7766","05/20/2022","Hacking/IT Incident","Email","No",""
"OE Enterprises, Inc.","NC","Healthcare Provider","4075","05/20/2022","Hacking/IT Incident","Email","No",""
"Alameda Health System","CA","Healthcare Provider","90000","05/20/2022","Hacking/IT Incident","Email","No",""
"Partnership HealthPlan of California","CA","Health Plan","854913","05/18/2022","Hacking/IT Incident","Network Server","No",""
"Bryan County Ambulance Authority","OK","Healthcare Provider","14273","05/18/2022","Hacking/IT Incident","Network Server","No",""
"Allaire Healthcare Group","NJ","Healthcare Provider","13148","05/17/2022","Hacking/IT Incident","Email","No",""
"Northern Rockies Orthopaedics","MT","Healthcare Provider","6701","05/17/2022","Hacking/IT Incident","Email","No",""
"Apria Healthcare LLC","IN","Healthcare Provider","1868831","05/16/2022","Hacking/IT Incident","Email, Network Server","No",""
"Healthcare Assistance Plan for Employees of Seventh-day Adventist Organization of the North American Division","MD","Health Plan","2008","05/13/2022","Hacking/IT Incident","Network Server","No",""
"Parker-Hannifin Corporation Group Health Plans","OH","Health Plan","119513","05/13/2022","Hacking/IT Incident","Network Server","No",""
"Schneck Medical Center ","IN","Healthcare Provider","92311","05/13/2022","Hacking/IT Incident","Network Server","No",""
"Genetics & IVF Institute ","VA","Healthcare Provider","606","05/11/2022","Hacking/IT Incident","Network Server","No",""
"Summit Healthcare Association","AZ","Healthcare Provider","1403","05/11/2022","Hacking/IT Incident","Network Server","Yes",""
"McKenzie Health System","MI","Healthcare Provider","25318","05/10/2022","Hacking/IT Incident","Network Server","No",""
"NuLife Med, LLC","NH","Healthcare Provider","81244","05/09/2022","Hacking/IT Incident","Network Server","No",""
"Mindpath Care Centers, North Carolina, PLLC ","NC","Healthcare Provider","1781","05/06/2022","Hacking/IT Incident","Email","No",""
"CareSource, Inc","OH","Health Plan","959","05/06/2022","Unauthorized Access/Disclosure","Laptop","Yes",""
"Guardian Pharmacy of Cincinnati LLC dba Mullaney’s, A Guardian Pharmacy","OH","Healthcare Provider","1720","05/06/2022","Unauthorized Access/Disclosure","Email","No",""
"Optum, Inc. ","MN","Business Associate","1584","05/06/2022","Unauthorized Access/Disclosure","Paper/Films","Yes",""
"SAC Health System","CA","Healthcare Provider","149940","05/05/2022","Theft","Paper/Films","No",""
"Greater Nashua Mental Health","NH","Healthcare Provider","1085","05/04/2022","Hacking/IT Incident","Network Server","No",""
"Vail Health Services","CO","Healthcare Provider","41889","05/04/2022","Hacking/IT Incident","Network Server","No",""
"Thompson Child & Family Focus","NC","Healthcare Provider","986","05/03/2022","Hacking/IT Incident","Network Server","No",""
"Ad Astra Eye LLC","KS","Healthcare Provider","3684","04/29/2022","Hacking/IT Incident","Electronic Medical Record","Yes",""
"Refuah Health Center","NY","Healthcare Provider","260740","04/29/2022","Hacking/IT Incident","Network Server","No",""
"Frank Eye Center, P.A.","KS","Healthcare Provider","26333","04/29/2022","Hacking/IT Incident","Electronic Medical Record","Yes",""
"Arkfeld, Parson, and Goldstein, P.C. doing business as ilumin","NE","Healthcare Provider","14984","04/29/2022","Hacking/IT Incident","Electronic Medical Record","Yes",""
"The People Concern","CA","Healthcare Provider","7600","04/28/2022","Hacking/IT Incident","Email","No",""
"Northern Eye Care Associates, P.C.","MI","Healthcare Provider","8000","04/28/2022","Hacking/IT Incident","Network Server","Yes",""
"Affiliated Eye Surgeons","MI","Healthcare Provider","23400","04/28/2022","Hacking/IT Incident","Network Server","No",""
"Allied Eye Physicians and Surgeons, Inc.","OH","Healthcare Provider","20651","04/27/2022","Hacking/IT Incident","Network Server","Yes",""
"Southern Ohio Medical Center","OH","Healthcare Provider","15136","04/26/2022","Hacking/IT Incident","Network Server","No",""
"Select Benefits Group, LLC dba Dental Select","UT","Business Associate","1035","04/26/2022","Hacking/IT Incident","Email","Yes",""
"Montefiore Medical Center ","NY","Healthcare Provider","3717","04/22/2022","Unauthorized Access/Disclosure","Electronic Medical Record","No",""
"The Mental Health Center of Greater Manchester","NH","Healthcare Provider","1322","04/22/2022","Hacking/IT Incident","Network Server","Yes",""
"Illinois Gastroenterology Group, PLLC","IL","Healthcare Provider","227943","04/22/2022","Hacking/IT Incident","Network Server","No",""
"Homestead Bldg Sys,Inc.Health  Plan","VA","Health Plan","727","04/21/2022","Hacking/IT Incident","Network Server","No",""
"The Energy Cooperative Group Benefits Plan","OH","Health Plan","875","04/21/2022","Hacking/IT Incident","Network Server","No",""
"County of Los Angeles Department of Mental Health","CA","Healthcare Provider","5129","04/20/2022","Hacking/IT Incident","Email","No",""
"Healthplex, Inc.","NY","Health Plan","89955","04/20/2022","Hacking/IT Incident","Email","No",""
"Wayne Family Practice Associates, PC","GA","Healthcare Provider","5944","04/19/2022","Hacking/IT Incident","Network Server","No",""
"Fairfield County Implants and Periodontics, LLC","CT","Healthcare Provider","10502","04/19/2022","Hacking/IT Incident","Email","No",""
"Optima Dermatology Holdings, LLC","NH","Healthcare Provider","59872","04/18/2022","Hacking/IT Incident","Email","No",""
"Canon Business Process Services Inc","NY","Business Associate","1625","04/15/2022","Unauthorized Access/Disclosure","Paper/Films","Yes",""
"Canon Business Process Services Inc","NY","Business Associate","745","04/15/2022","Unauthorized Access/Disclosure","Paper/Films","Yes",""
"Canon Business Process Services Inc","NY","Business Associate","8015","04/15/2022","Unauthorized Access/Disclosure","Paper/Films","Yes",""
"New Creation Counseling Center ","OH","Healthcare Provider","24029","04/14/2022","Hacking/IT Incident","Network Server, Other","No",""
"Newman Regional Health","KS","Healthcare Provider","52224","04/14/2022","Hacking/IT Incident","Email","No",""
"Onehome Health Solutions","FL","Healthcare Provider","15401","04/13/2022","Theft","Laptop","No",""
"Lutheran Services Carolinas","NC","Business Associate","1226","04/12/2022","Hacking/IT Incident","Network Server","Yes",""
"Adaptive Health Integrations","ND","Healthcare Provider","510574","04/11/2022","Hacking/IT Incident","Network Server","No",""
"The MetroHealth System","OH","Healthcare Provider","1748","04/11/2022","Unauthorized Access/Disclosure","Electronic Medical Record, Email, Paper/Films","No",""
"Pediatric Associates, P.C.","VA","Healthcare Provider","13000","04/08/2022","Hacking/IT Incident","Network Server","Yes",""
"Ballad Health","TN","Healthcare Provider","4295","04/08/2022","Hacking/IT Incident","Email","No",""
"East Tennessee Children's Hospital","TN","Healthcare Provider","501","04/07/2022","Hacking/IT Incident","Network Server","No",""
"SummaCare Inc","OH","Health Plan","716","04/07/2022","Unauthorized Access/Disclosure","Network Server","No",""
"Advantage Benefits Group","MI","Business Associate","7147","04/06/2022","Hacking/IT Incident","Email","Yes",""
"State of Arizona Department of Administration","AZ","Health Plan","820","04/05/2022","Unauthorized Access/Disclosure","Paper/Films","Yes",""
"Urgent Team Holdings","TN","Healthcare Provider","166601","03/31/2022","Hacking/IT Incident","Network Server","No",""
"Englewood Health","NJ","Healthcare Provider","3901","03/30/2022","Hacking/IT Incident","Network Server","No",""
"Resources for Human Development","PA","Healthcare Provider","46673","03/29/2022","Theft","Other Portable Electronic Device","No",""
"Law Enforcement Health Benefits, Inc.","PA","Health Plan","85282","03/28/2022","Hacking/IT Incident","Network Server","No",""
"Medical Surgical Eye Care","KS","Healthcare Provider","2000","03/28/2022","Hacking/IT Incident","Network Server","No",""
"Charleston Area Medical Center, Inc.","WV","Healthcare Provider","54000","03/28/2022","Hacking/IT Incident","Email","No",""
"Lutheran Social Services of Illinois","IL","Healthcare Provider","1000","03/25/2022","Hacking/IT Incident","Network Server","No",""
"Christie Business Holdings Company, P.C.","IL","Healthcare Provider","502869","03/25/2022","Hacking/IT Incident","Email","No",""
"Advanced Medical Practice Management","NJ","Business Associate","56427","03/23/2022","Hacking/IT Incident","Network Server","Yes",""
"Thomas Allen, Inc.","MN","Healthcare Provider","2803","03/23/2022","Hacking/IT Incident","Email","No",""
"Taylor Regional Hospital ","KY","Healthcare Provider","190209","03/21/2022","Hacking/IT Incident","Network Server","No",""
"Livingston Memorial VNA Health Corporation and its affiliates Livingston Memorial Visiting Nurse Association and Livingston CareGivers","CA","Healthcare Provider","34775","03/21/2022","Hacking/IT Incident","Network Server","No",""
"Valley View Hospital Association","CO","Healthcare Provider","501","03/19/2022","Hacking/IT Incident","Email","No",""
"Cancer and Hematology Centers of Western Michigan ","MI","Healthcare Provider","43071","03/18/2022","Hacking/IT Incident","Network Server","No",""
"Wheeling Health Right Inc","WV","Healthcare Provider","3912","03/18/2022","Hacking/IT Incident","Network Server","No",""
"Central Minnesota Mental Health Center","MN","Healthcare Provider","28725","03/17/2022","Hacking/IT Incident","Email","No",""
"Eye Group of Southern Indiana","IN","Healthcare Provider","4002","03/15/2022","Hacking/IT Incident","Network Server","No",""
"Laboratorio Clinico Toledo","","Healthcare Provider","500","03/14/2022","Hacking/IT Incident","Network Server","No",""
"Trinity Home Care, Inc.","MA","Healthcare Provider","1541","03/14/2022","Hacking/IT Incident","Network Server","No",""
"Capital Region Medical Center","MO","Healthcare Provider","17578","03/11/2022","Hacking/IT Incident","Network Server","No",""
"Labette Health","KS","Healthcare Provider","85635","03/11/2022","Hacking/IT Incident","Network Server","No",""
"Dialyze Direct, LLC","NJ","Healthcare Provider","14203","03/10/2022","Hacking/IT Incident","Email","No",""
"New Jersey Brain and Spine","NJ","Healthcare Provider","92453","03/10/2022","Hacking/IT Incident","Network Server","No",""
"Gainwell Technologies, LLC","TX","Business Associate","810","03/10/2022","Unauthorized Access/Disclosure","Network Server","Yes",""
"Gainwell Technologies, LLC","TX","Business Associate","1955","03/10/2022","Unauthorized Access/Disclosure","Network Server","Yes",""
"Parkland Community Health Plan, Inc.","TX","Health Plan","1682","03/08/2022","Unauthorized Access/Disclosure","Paper/Films","Yes",""
"Central Indiana Orthopedics","IN","Healthcare Provider","83705","03/07/2022","Hacking/IT Incident","Network Server","No",""
"South Denver Cardiology Associates, PC","CO","Healthcare Provider","287652","03/04/2022","Hacking/IT Incident","Network Server","No",""
"Duncan Regional Hospital, Incorporated","OK","Healthcare Provider","86379","03/04/2022","Hacking/IT Incident","Network Server","No",""
"Indiana Hemophilia and Thrombosis Center, Inc.","IN","Healthcare Provider","2575","03/04/2022","Hacking/IT Incident","Email","No",""
"University of Michigan/Michigan Medicine","MI","Healthcare Provider","2921","03/03/2022","Hacking/IT Incident","Email","No",""
"Molecular Pathology Laboratory Network, Inc.","TN","Healthcare Provider","339471","03/03/2022","Hacking/IT Incident","Network Server","No",""
"Crossroads Health","OH","Healthcare Provider","10324","03/02/2022","Hacking/IT Incident","Network Server","No",""
"LGAA, LLC","UT","Health Plan","864","03/01/2022","Hacking/IT Incident","Network Server","No",""
"Monongalia Health System, Inc.","WV","Healthcare Provider","492861","02/28/2022","Hacking/IT Incident","Network Server","No",""
"UMass Memorial Health, Inc.","MA","Business Associate","4270","02/28/2022","Hacking/IT Incident","Email","Yes",""
"Norwood Clinic","AL","Healthcare Provider","228000","02/25/2022","Hacking/IT Incident","Electronic Medical Record, Network Server","No",""
"Bako Diagnostics","GA","Healthcare Provider","25745","02/25/2022","Hacking/IT Incident","Network Server","No",""
"University Medical Center Southern Nevada","NV","Healthcare Provider","12230","02/24/2022","Hacking/IT Incident","Email","Yes",""
"Houston Health Department","TX","Healthcare Provider","10291","02/24/2022","Unauthorized Access/Disclosure","Electronic Medical Record","No",""
"Ultimate Care, Inc.","NY","Healthcare Provider","15788","02/23/2022","Hacking/IT Incident","Email","No",""
"Cooperman Barnabas Medical Center","NJ","Healthcare Provider","538","02/23/2022","Hacking/IT Incident","Email","Yes",""
"Alliance Physical Therapy Group, LLC","MI","Business Associate","197588","02/23/2022","Hacking/IT Incident","Network Server","Yes",""
"Community Association of Progressive Dominicans, Inc. ","NY","Healthcare Provider","656","02/23/2022","Hacking/IT Incident","Email","No",""
"Zoe Therapy Services  ","VA","Healthcare Provider","1100","02/23/2022","Hacking/IT Incident","Email","No",""
"Logan Health Medical Center","MT","Healthcare Provider","213543","02/22/2022","Hacking/IT Incident","Network Server","No",""
"Ascension Michigan (single affiliated covered entity) ACE","MI","Healthcare Provider","27177","02/22/2022","Unauthorized Access/Disclosure","Electronic Medical Record","No",""
"Memorial village er","TX","Healthcare Provider","80000","02/19/2022","Hacking/IT Incident","Network Server","No",""
"US Radiology Specialists, Inc.","NC","Business Associate","87552","02/18/2022","Hacking/IT Incident","Network Server","Yes",""
"Jersey City Medical Center","NJ","Healthcare Provider","1130","02/15/2022","Hacking/IT Incident","Email","Yes",""
"Cooper University Health Care","NJ","Healthcare Provider","1039","02/14/2022","Hacking/IT Incident","Email","No",""
"Family Fare LLC","MI","Healthcare Provider","3892","02/11/2022","Hacking/IT Incident","Network Server","Yes",""
"CVS Pharmacy","RI","Healthcare Provider","6221","02/11/2022","Hacking/IT Incident","Network Server","No",""
"Jacksonville Spine Center, P.A.","FL","Healthcare Provider","38000","02/10/2022","Hacking/IT Incident","Network Server","No",""
"Summit BHC West Virginia, LLC d/b/a Highland Hospital","WV","Healthcare Provider","6804","02/10/2022","Hacking/IT Incident","Email","No",""
"Seneca Nation Health System","NY","Healthcare Provider","12000","02/08/2022","Hacking/IT Incident","Network Server","No",""
"South Shore Hospital Corporation","IL","Healthcare Provider","115175","02/07/2022","Hacking/IT Incident","Network Server","No",""
"Cross Timbers Health Clinics, Inc/ d/b/a AccelHealth","TX","Healthcare Provider","48126","02/07/2022","Hacking/IT Incident","Network Server","No",""
"Morley Companies, Inc.","MI","Business Associate","521046","02/01/2022","Hacking/IT Incident","Network Server","Yes",""
"Catholic Hospice, Inc.","FL","Healthcare Provider","14986","01/31/2022","Hacking/IT Incident","Email","No",""
"Family Christian Health Center","IL","Healthcare Provider","31000","01/28/2022","Hacking/IT Incident","Network Server","No",""
"Spencer Gifts LLC Health and Welfare Benefit Plan","NJ","Health Plan","10023","01/24/2022","Hacking/IT Incident","Network Server","No",""
"OneDigital OBO Guardian Life Insurance Company of America","NY","Business Associate","800","01/24/2022","Hacking/IT Incident","Network Server","Yes",""
"Medical Healthcare Solutions, Inc. ","MA","Business Associate","133997","01/22/2022","Hacking/IT Incident","Network Server","Yes",""
"Walgreen Co.","IL","Healthcare Provider","1471","01/21/2022","Unauthorized Access/Disclosure","Paper/Films","No",""
"University of Arkansas for Medical Sciences ","AR","Healthcare Provider","518","01/21/2022","Unauthorized Access/Disclosure","Email","No",""
"Advocates, Inc.","MA","Healthcare Provider","68236","01/21/2022","Hacking/IT Incident","Network Server","No",""
"Medical Review Institute of America","UT","Business Associate","2406","01/20/2022","Hacking/IT Incident","Network Server","Yes",""
"Raveco Medical","NY","Healthcare Provider","4897","01/17/2022","Hacking/IT Incident","Network Server","No",""
"Albany Family Dentistry","MN","Healthcare Provider","1117","01/14/2022","Hacking/IT Incident","Email","No",""
"Vantage Holding Company, LLC","PA","Healthcare Provider","1762","01/14/2022","Hacking/IT Incident","Network Server","No",""
"Digital Insurance, LLC doing business as OneDigital","GA","Business Associate","2051","01/14/2022","Hacking/IT Incident","Network Server","Yes",""
"Oscar Insurance Corporation of Ohio","OH","Health Plan","504","01/13/2022","Unauthorized Access/Disclosure","Paper/Films","No",""
"Oscar Health Plan of California","NJ","Health Plan","7632","01/13/2022","Unauthorized Access/Disclosure","Paper/Films","No",""
"Oscar Buckeye State Insurance Corporation","OH","Health Plan","791","01/13/2022","Unauthorized Access/Disclosure","Paper/Films","No",""
"Millennium Eye Care LLC","NJ","Healthcare Provider","6050","01/13/2022","Hacking/IT Incident","Network Server","No",""
"Lakeshore Bone & Joint Institute, PC","IN","Healthcare Provider","23627","01/10/2022","Hacking/IT Incident","Email","No",""
"Medical Review Institute of America","UT","Business Associate","134571","01/07/2022","Hacking/IT Incident","Network Server","Yes",""
"DataXport","TX","Business Associate","8181","01/07/2022","Hacking/IT Incident","Network Server","Yes",""
"Advent Health Partners, Inc.","TN","Business Associate","1383","01/06/2022","Hacking/IT Incident","Email","Yes",""
"Houston Area Community Services, Inc. d/b/a Avenue 360 Health and Wellness","TX","Healthcare Provider","12186","01/05/2022","Hacking/IT Incident","Email","No",""
"Ravkoo","FL","Healthcare Provider","105000","01/03/2022","Hacking/IT Incident","Other","No",""
"Sherrill House, Inc.","MA","Healthcare Provider","5006","01/03/2022","Hacking/IT Incident","Email","No",""
"Virtual Private Network Solutions, LLC d/b/a VPN Solutions, LLC","VA","Business Associate","500","12/30/2021","Hacking/IT Incident","Network Server","Yes",""
"Barlow Respiratory Hospital","CA","Healthcare Provider","9880","12/30/2021","Hacking/IT Incident","Network Server","No",""
"Loyola University Medical Center","IL","Healthcare Provider","16934","12/30/2021","Hacking/IT Incident","Email","No",""
"Hoya Optical Labs of America, Inc.","TX","Business Associate","14099","12/29/2021","Hacking/IT Incident","Network Server","Yes",""
"Douglas C Morrow ODPC","IN","Healthcare Provider","5269","12/28/2021","Hacking/IT Incident","Network Server","No",""
"Pithadia Medical Professional Services, Inc.","IN","Healthcare Provider","1624","12/28/2021","Hacking/IT Incident","Network Server","No",""
"Advocate Aurora Health","WI","Healthcare Provider","1729","12/28/2021","Loss","Paper/Films","No",""
"Walgreen Co.","IL","Healthcare Provider","1352","12/27/2021","Loss","Paper/Films","No",""
"Fertility Centers of Illinois, PLLC","IL","Healthcare Provider","79943","12/27/2021","Hacking/IT Incident","Network Server","No",""
"C.E. Niehoff & Company ","IL","Health Plan","1509","12/23/2021","Hacking/IT Incident","Network Server","No",""
"Duneland School Corporation","IN","Health Plan","7000","12/23/2021","Hacking/IT Incident","Network Server","No",""
"Daniel J. Edelman Holdings, Inc.","IL","Health Plan","184500","12/22/2021","Hacking/IT Incident","Network Server","Yes",""
"James Kagan, MD","CO","Healthcare Provider","1310","12/22/2021","Hacking/IT Incident","Email","No",""
"Rhode Island Public Transit Authority","RI","Health Plan","5015","12/21/2021","Hacking/IT Incident","Network Server","No",""
"Chaddock","IL","Healthcare Provider","777","12/21/2021","Theft","Paper/Films","No",""
"Monongalia Health System, Inc.","WV","Healthcare Provider","398164","12/21/2021","Hacking/IT Incident","Email","No",""
"Surgery Group SC","IL","Healthcare Provider","500","12/17/2021","Hacking/IT Incident","Network Server","Yes",""
"Northwest Broward Orthopaedics Associates","FL","Healthcare Provider","500","12/17/2021","Hacking/IT Incident","Desktop Computer, Network Server","No",""
"Eduro Healthcare, LLC","UT","Healthcare Provider","8059","12/09/2021","Hacking/IT Incident","Email","No",""
"Weddell Pediatric Dental Specialists, LLC","IN","Healthcare Provider","5356","12/08/2021","Hacking/IT Incident","Email","No",""
"Javery Pain Institute ","MI","Healthcare Provider","1387","12/08/2021","Hacking/IT Incident","Email","No",""
"Summit Surgical, LLC","KS","Healthcare Provider","4910","12/07/2021","Hacking/IT Incident","Network Server","No",""
"Oregon Anesthesiology Group, P.C.","OR","Healthcare Provider","750500","12/06/2021","Hacking/IT Incident","Network Server","No",""
"Bansley and Kiener, LLP","IL","Business Associate","50119","12/03/2021","Hacking/IT Incident","Network Server","Yes",""
"Bansley and Kiener, LLP","IL","Business Associate","2297","12/03/2021","Hacking/IT Incident","Network Server","Yes",""
"Bansley and Kiener, LLP","IL","Business Associate","2711","12/03/2021","Hacking/IT Incident","Network Server","Yes",""
"Bansley and Kiener, LLP","IL","Business Associate","15814","12/03/2021","Hacking/IT Incident","Network Server","Yes",""
"Mertz Manufacturing Inc Health Insurance Plan","OK","Health Plan","868","12/03/2021","Hacking/IT Incident","Network Server","No",""
"Great Plains Manufacturing, Inc","KS","Health Plan","4110","12/01/2021","Hacking/IT Incident","Network Server","No",""
"AMITA Health Medical Group Primary Care Hoffman Estates","IL","Healthcare Provider","1647","11/30/2021","Unauthorized Access/Disclosure","Email","No",""
"Broward County Public Schools","FL","Health Plan","49608","11/29/2021","Hacking/IT Incident","Network Server","No",""
"Region IV Area Agency on Aging","MI","Health Plan","3171","11/29/2021","Hacking/IT Incident","Email","No",""
"Neuro Rehab Associates, Inc. d/b/a Northeast Rehabilitation Hospital Network","NH","Healthcare Provider","501","11/29/2021","Hacking/IT Incident","Network Server","No",""
"Upstate HomeCare","NY","Healthcare Provider","5114","11/24/2021","Hacking/IT Incident","Network Server","No",""
"Huntington Hospital","NY","Healthcare Provider","12925","11/24/2021","Unauthorized Access/Disclosure","Electronic Medical Record","No",""
"Minnesota Women's Care, P.A.","MN","Healthcare Provider","1900","11/24/2021","Unauthorized Access/Disclosure","Paper/Films","No",""
"One Community Health","OR","Healthcare Provider","39865","11/22/2021","Hacking/IT Incident","Network Server","No",""
"Anthem, Inc.","IN","Business Associate","2003","11/19/2021","Hacking/IT Incident","Network Server","Yes",""
"Blue Shield of California","CA","Health Plan","1520","11/19/2021","Hacking/IT Incident","Network Server","Yes",""
"Episcopal Retirement Services","OH","Healthcare Provider","4133","11/18/2021","Hacking/IT Incident","Network Server","No",""
"Marietta Area Health Care Inc. dba Memorial Health System","OH","Healthcare Provider","501","11/17/2021","Hacking/IT Incident","Network Server","No",""
"True Health New Mexico","NM","Health Plan","62983","11/17/2021","Hacking/IT Incident","Network Server","No",""
"Magnet Solutions, Inc.","NE","Business Associate","1553","11/15/2021","Unauthorized Access/Disclosure","Paper/Films","Yes",""
"University of Houston for UH College of Optometry","TX","Healthcare Provider","18500","11/12/2021","Hacking/IT Incident","Network Server","No",""
"The Centers for Advanced Orthopaedics, LLC","MD","Healthcare Provider","21162","11/11/2021","Hacking/IT Incident","Network Server","No",""
"Tom Wood Inc. Health Care Plan","IN","Health Plan","2235","11/11/2021","Hacking/IT Incident","Network Server","No",""
"Ophthalmology Associates","MN","Healthcare Provider","67000","11/11/2021","Hacking/IT Incident","Electronic Medical Record, Network Server","No",""
"Integrated Services of Kalamazoo","MI","Healthcare Provider","3754","11/10/2021","Hacking/IT Incident","Email","No",""
"The Urology Center of Colorado","CO","Healthcare Provider","137820","11/05/2021","Hacking/IT Incident","Network Server","No",""
"University of North Carolina Health","NC","Healthcare Provider","946","11/05/2021","Unauthorized Access/Disclosure","Electronic Medical Record","No",""
"University Hospital  ","NJ","Healthcare Provider","10067","11/05/2021","Unauthorized Access/Disclosure","Other","No",""
"Three Rivers Regional Commission","GA","Business Associate","2000","11/05/2021","Hacking/IT Incident","Network Server","Yes",""
"Mowery Clinic LLC","KS","Healthcare Provider","96000","11/05/2021","Hacking/IT Incident","Network Server","No",""
"New York Psychotherapy and Counseling Center","NY","Healthcare Provider","28000","11/05/2021","Hacking/IT Incident","Network Server","No",""
"Maxim Healthcare Group","MD","Healthcare Provider","65267","11/04/2021","Hacking/IT Incident","Email","No",""
"Consociate, Inc.","IL","Business Associate","48583","11/03/2021","Hacking/IT Incident","Network Server","Yes",""
"Putnam County Memorial Hospital","MO","Healthcare Provider","6916","11/03/2021","Hacking/IT Incident","Network Server","No",""
"Utah Imaging Associates, Inc.","UT","Healthcare Provider","582170","11/03/2021","Hacking/IT Incident","Network Server","No",""
"Washington DC VA Medical Center","DC","Healthcare Provider","1193","11/01/2021","Unauthorized Access/Disclosure","Email","No",""
"Sea Mar Community Health Centers","WA","Healthcare Provider","688000","10/30/2021","Hacking/IT Incident","Network Server","No",""
"NHS Management, LLC","AL","Business Associate","501","10/29/2021","Hacking/IT Incident","Network Server","Yes",""
"Lincare Holdings Inc.","FL","Healthcare Provider","1737775","10/26/2021","Hacking/IT Incident","Network Server","No",""
"ROSE H BAILEY DDS","WA","Healthcare Provider","3000","10/26/2021","Hacking/IT Incident","Desktop Computer","No",""
"Star Group, L.P. Health Benefits Plan ","CT","Health Plan","9316","10/22/2021","Hacking/IT Incident","Network Server","No",""
"Educators Mutual Insurance Association","UT","Health Plan","8661","10/22/2021","Hacking/IT Incident","Network Server","No",""
"QRS, Inc.","TN","Business Associate","319778","10/22/2021","Hacking/IT Incident","Network Server","Yes",""
"UMass Memorial Health Care, Inc.","MA","Business Associate","209048","10/15/2021","Hacking/IT Incident","Email","Yes",""
"Syracuse ASC, LLC","NY","Healthcare Provider","24891","10/14/2021","Hacking/IT Incident","Network Server","No",""
"University Hospital","NJ","Healthcare Provider","9329","10/08/2021","Unauthorized Access/Disclosure","Electronic Medical Record, Other","No",""
"Independent Health Corporation","NY","Business Associate","541","10/08/2021","Unauthorized Access/Disclosure","Email","Yes",""
"OSF HealthCare System","IL","Healthcare Provider","53907","10/01/2021","Hacking/IT Incident","Network Server","No",""
"Eskenazi Health","IN","Healthcare Provider","1515918","10/01/2021","Hacking/IT Incident","Network Server","No",""
"Premier Management Company ","TX","Healthcare Provider","37636","09/30/2021","Unauthorized Access/Disclosure","Laptop, Other, Other Portable Electronic Device","No",""
"Digital Insurance, LLC doing business as OneDigital","GA","Health Plan","895","09/24/2021","Hacking/IT Incident","Network Server","No",""
"Griffith Energy Services Inc. Welfare Benefit Plan","MD","Health Plan","500","09/24/2021","Hacking/IT Incident","Network Server","No",""
"Navistar, Inc. Health Plan and the Navistar, Inc. Retiree Health Benefit and Life Insurance Plan","IL","Health Plan","49000","09/24/2021","Hacking/IT Incident","Network Server","No",""
"Cerebral Medical Group","FL","Healthcare Provider","875","09/21/2021","Unauthorized Access/Disclosure","Other","No",""
"McAllen Surgical Specialty Center, Ltd.","TX","Healthcare Provider","29227","09/20/2021","Hacking/IT Incident","Desktop Computer, Electronic Medical Record, Laptop, Network Server","No",""
"Illinois Department of Human Services and Illinois Department of Healthcare and Family Services ","IL","Healthcare Provider","1960","09/20/2021","Hacking/IT Incident","Network Server","No",""
"Famous Enterprises Inc. Employee Benefit Plan","OH","Health Plan","528","09/17/2021","Hacking/IT Incident","Network Server","No",""
"Simon Eye Management","DE","Healthcare Provider","144373","09/14/2021","Hacking/IT Incident","Email","No",""
"Talbert House","OH","Healthcare Provider","45000","09/10/2021","Hacking/IT Incident","Network Server","No",""
"HBP Financial Services Group, LTD","CT","Business Associate","938","09/08/2021","Hacking/IT Incident","Email","Yes",""
"Radiology Associates of Albuquerque, PA and Advanced Imaging, LLC","NM","Healthcare Provider","501","09/08/2021","Hacking/IT Incident","Network Server","No",""
"City of Joplin","MO","Health Plan","2494","09/08/2021","Hacking/IT Incident","Network Server","No",""
"ADEC, Inc.","IN","Healthcare Provider","2000","09/03/2021","Hacking/IT Incident","Email","No",""
"USV Optical, Inc.","NJ","Healthcare Provider","180000","09/03/2021","Hacking/IT Incident","Network Server","No",""
"Dan L. Beaupre","WI","Business Associate","2000","09/01/2021","Unauthorized Access/Disclosure","Network Server, Paper/Films","Yes",""
"DuPage Medical Group, Ltd. ","IL","Healthcare Provider","655384","08/30/2021","Hacking/IT Incident","Network Server","No",""
"CareATC, Inc.","OK","Healthcare Provider","98774","08/27/2021","Hacking/IT Incident","Email","No",""
"Family Medical Center of Michigan ","MI","Healthcare Provider","21988","08/26/2021","Hacking/IT Incident","Network Server","No",""
"Denton County, Texas","TX","Healthcare Provider","326417","08/24/2021","Unauthorized Access/Disclosure","Network Server","No",""
"Gregory P. Vannucci DDS","IA","Healthcare Provider","26144","08/20/2021","Hacking/IT Incident","Network Server","No",""
"Nova Biomedical Corporation","MA","Health Plan","3774","08/17/2021","Hacking/IT Incident","Network Server","No",""
"Texoma Community Center","TX","Healthcare Provider","24021","08/16/2021","Hacking/IT Incident","Email","No",""
"Alluma, Inc","MN","Healthcare Provider","4117","08/15/2021","Unauthorized Access/Disclosure","Paper/Films","No",""
"University Medical Center Southern Nevada","NV","Healthcare Provider","1300000","08/13/2021","Hacking/IT Incident","Network Server","No",""
"Waste Management Health and Welfare Benefits Plan","TX","Health Plan","922","08/12/2021","Hacking/IT Incident","Network Server","No",""
"St. Joseph's/Candler Health System, Inc.","GA","Healthcare Provider","1400000","08/10/2021","Hacking/IT Incident","Network Server","No",""
"Electromed","MN","Healthcare Provider","47200","08/09/2021","Hacking/IT Incident","Network Server","No",""
"Wisconsin Institute of Urology S.C.","WI","Healthcare Provider","4819","08/05/2021","Hacking/IT Incident","Email","No",""
"Vision for Hope ","IL","Healthcare Provider","5517","08/03/2021","Hacking/IT Incident","Email","No",""
"UnitedHealth Group Single Affiliated Covered Entity","MN","Health Plan","774","07/30/2021","Unauthorized Access/Disclosure","Network Server","No",""
"Benefis Hospitals Inc","MT","Healthcare Provider","81043","07/27/2021","Hacking/IT Incident","Email","No",""
"NCH Corporation","TX","Health Plan","11427","07/24/2021","Hacking/IT Incident","Network Server","No",""
"Medi-Lynx Cardiac Monitoring","TX","Healthcare Provider","1841","07/23/2021","Hacking/IT Incident","Network Server","No",""
"Standard Modern Company, Inc. ","MA","Business Associate","2707","07/20/2021","Unauthorized Access/Disclosure","Paper/Films","Yes",""
"Youth Consultation Service","NJ","Healthcare Provider","2756","07/19/2021","Hacking/IT Incident","Network Server","No",""
"The University of North Carolina at Chapel Hill School of Medicine","NC","Healthcare Provider","2718","07/19/2021","Hacking/IT Incident","Email","No",""
"Dynamic Health Care, Inc. ","IL","Business Associate","947","07/16/2021","Hacking/IT Incident","Network Server","Yes",""
"Bakersfield Hematology Oncology Inc.","CA","Healthcare Provider","1286","07/12/2021","Unauthorized Access/Disclosure","Electronic Medical Record","No",""
"Starling Physicians ","CT","Healthcare Provider","2808","07/09/2021","Hacking/IT Incident","Email","No",""
"Lake County Health Department and Community Health Center","IL","Healthcare Provider","705","07/08/2021","Unauthorized Access/Disclosure","Network Server","No",""
"HealthReach Community Health Centers","ME","Healthcare Provider","122340","07/06/2021","Improper Disposal","Electronic Medical Record","No",""
"Hot Springs Health Program","NC","Healthcare Provider","1984","07/06/2021","Unauthorized Access/Disclosure","Email","No",""
"Coastal Family Health Center, Inc","MS","Healthcare Provider","62342","07/02/2021","Hacking/IT Incident","Network Server","No",""
"CentraCare Health System","MN","Healthcare Provider","842","07/02/2021","Hacking/IT Incident","Network Server","Yes",""
"Professional Business Systems, Inc., d/b/a Practicefirst Medical Management Solutions and PBS Medcode Corp., (“Practicefirst”)","NY","Business Associate","1210688","07/01/2021","Hacking/IT Incident","Network Server","Yes",""
"Wayne County Hospital","IA","Healthcare Provider","2016","07/01/2021","Hacking/IT Incident","Email","No",""
"Peoples Community Health Clinic","IA","Healthcare Provider","40084","06/29/2021","Hacking/IT Incident","Email","No",""
"Gastroenterology Consultants, PA","TX","Healthcare Provider","161698","03/19/2021","Hacking/IT Incident","Network Server","No",""
